AAAA AAAA,ACCT Accounting,AEBI Biology (Agric & Envir Sc),AECH Chemistry (Agric&EnvirSci),AEHM English (Agric & Envir Sc),AEMA Mathematics (Agric&Envir Sci),AEPH Physics (Agric & Envir Sci),AERO AERO,AFRI African Studies,AGEC Agricultural Economics,AGRI Agriculture,ANAE Anaesthesia,ANAT Anatomy & Cell Biology,ANSC Animal Science,ANTH Anthropology,ARCH Architecture,ARTH Art History,ASPL Air & Space Law,ATOC Atmospheric & Oceanic Sciences,BASC Arts & Science,BBME BBME,BIEN BIEN,BINF Bioinformatics,BIOC Biochemistry,BIOE Bio-Ethics,BIOL Biology (Sci),BIOS Biostatistics,BIOT Biotechnology,BMDE Biomedical Engineering,BREE Bioresource Engineering,BTEC Biotechnology,BUS1 Business Law 1,BUS2 Business Law 2,BUSA Business Admin,CACC Accountancy,CACF CACF,CAFT CAFT,CANS Canadian Studies,CATH Catholic Studies,CBUS Business,CCAU Auditing  (CCE),CCCS Computer Science (CCE),CCFA CCFA,CCFC Financial Accounting (CCE),CCLW Law  (CCE),CCMA Managerial Accounting (CCE),CCOM Communication (CCE),CCPA CCPA,CCS2 Computer Science (CCE),CCTR Translation,CCTX Tax (CCE),CEAP CEAP,CEC1 Economics (CCE),CEC2 Economics (CCE),CEEN English Communication,CEFN French Communication,CEGL English (CCE),CEN2 Entrepreneurship,CENG Engineering (CCE),CENT Entrepreneurship,CESL CESL,CFIN Finance (CCE),CFRN French (CCE),CGM2 Management,CGMG General Management,CHEE Chemical Engineering,CHEM Chemistry,CHLC Health Care,CIAM CIAM,CINC CINC,CIVE Civil Engineering,CLAS Classics,CMIS Management Information Systems,CMPL Comparative Law,CMR2 Marketing,CMRK CMRK,CMS2 Management Science (CCE),CMSC Management Science (CCE),COGS Cognitive Science,COMP Computer Science (Sci),COMS Communication Studies,CORG Organizational Behaviour,CPAC CPAC,CPAG CPAG,CPD2 CPD2,CPDV Professional Devel,CPL2 Policy,CPRL Public Relations,CSCI CSCI,CSPN Spanish (CCE),CTPT Transportation,DENT Dentistry,DUMY Dummy Black Out Subject Code,EAST Asian Language & Literature,ECON Economics (Arts),ECSE Electrical Engineering,EDEA Arts Education,EDEC Curriculum and Instruction,EDEE Elementary Education,EDEM Admin & Policy Studies in Ed,EDER Religious Studies,EDES Secondary Education,EDET Vocational Education,EDFC Bachelor of Ed Core Program,EDFE Student Teaching,EDFM Education Field Montreal,EDIN EDIN,EDKP Kinesiology&Physical Education,EDLE EDLE,EDPC Ed Psych & Couns (Counselling),EDPD EDPD,EDPE Ed Psych & Couns (Psychology),EDPH Ed Psych & Couns (Collegial),EDPI Ed Psych & Couns (Inclusive),EDPS EDPS,EDPT Ed Psych & Couns (Media),EDSL Education in Second Languages,EDSP EDSP,EDTL EDTL,EDUM Education University of MTL,ELEC Elective,ENGL English (Arts),ENTO Entomology,ENVB Environmental Biology,ENVR Environment,EPIB Epidemiology & Biostatistics,EPSC Earth & Planetary Sciences,ESYS Earth System Science,EXMD Experimental Medicine,EXSU Experimental Surgery,FACC Faculty Course,FAES Faculty of Agric & Envir Sci,FDSC Food Science,FIGA FIGA,FIGE Education workshop,FIGF FIGF,FIGG Learning to Teach Grad wrkshop,FIGI FIGI,FIGM FIGM,FIGN FIGN,FIGS Freshman Interest Groups,FILM World Cinemas,FINE Finance,FMED Family Medicine,FMT4 FMT4,FMTP Farm Management Technology,FREN French (Arts),FRSL French as a Second Language,FSCI Faculty of Science,GDEU GDEU,GEOG Geography,GERM German (Arts),GLIS Library & Information Studies,GSFS GSFS,HGEN Human Genetics,HISP Hispanic Studies (Arts),HIST History,HMST Humanistic Studies,HPSC Hist & Phil of Science,HSEL Health Science Electives,HSSM Humanities & Soc Stud in Med,IDFC IDFC,IGFS IGFS,IMED Internal Medicine,INDG INDG,INDR Industrial Relations,INDS Interdisciplinary Studies,INSY Information Systems,INTD International Development,INTG INTG,IPEA IPEA,ISLA Islamic Studies,ITAL Italian (Arts),JWST Jewish Studies,LACS Latin American & Caribbean St,LAWG Law General,LEEL Labour/Employmt/Environmt Law,LIBA LIBA,LING Linguistics,LLCU LLCU,LSCI Life Sciences,MATH Mathematics & Statistics (Sci),MDPH Medical Physics,MDST MDST,MECH Mechanical Engineering,MGCR Management Core,MGMT Management,MGPO Management Policy,MGSC Management Science,MHEC MCGILL HEC MONTREAL EMBA,MICR Microbiology (Agric&Envir Sc),MIME Mining & Materials Engineering,MIMM Microbiology and Immun (Sci),MPCO MPCO,MPHE MPHE,MPMC McGill/Poly Mining Coop,MPQM MPQM,MRKT Marketing,MSUS MSUS,MUAR Music-Arts Faculty,MUCO Composition,MUCT Choral Techniques,MUEN Ensemble,MUGS Graduate Faculty Music Courses,MUGT General Music Techniques,MUHL Music History and Literature,MUIN Practical Instrument,MUIT Instrumental Techniques,MUJZ Jazz Studies,MUMT Music Technology,MUPD Music Professional Development,MUPG Performance,MUPP Performance Practice,MURG MURG,MUSP Musicianship,MUSR Sound Recording,MUTH Music Theory and Analysis,NEUR Neurology and Neurosurgery,NRSC Natural Resource Sciences,NSCI Neuroscience,NUR1 Nursing,NUR2 Nursing,NUTR Nutrition and Dietetics,OBGY Obstetrics and Gynaecology,OCC1 Occupational Therapy,OCCH Occupational Health & Hygiene,OPTH Ophthalmology,ORGB Organizational Behaviour,OTOL Otolaryngology,PAED Paediatrics,PARA Parasitology,PATH Pathology,PHAR Pharmacology and Therapeutics,PHGY Physiology,PHIL Philosophy,PHTH Physical Therapy,PHWR Philosophy & Western Religions,PHYS Physics,PLAI PLAI,PLNT Plant Science,POLI Political Science,POTH Phys & Occ Therapy,PPHS PPHS,PPOL PPOL,PRAC Practicums,PROC Procedure,PRV1 Private Law 1,PRV2 Private Law 2,PRV3 Private Law 3,PRV4 Private Law 4,PRV5 Private Law 5,PSYC Psychology,PSYT Psychiatry,PUB1 Public Law 1,PUB2 Public Law 2,PUB3 Public Law 3,QCST Quebec Studies,QLSC QLSC,RADD Radiology (Diagnostic),REDM Redpath Museum,RELG Religious Studies,RETL RETL,RUSS Russian (Arts),SCSD Communication Sci & Disorders,SEAD SEAD,SENT SENT,SOCI Sociology (Arts),SOIL Soil Science,SURG Surgery,SWRK Social Work,TRNS Transfer Credit Processing,UQAC UQAC,UQSP UQSP,URBP Urban Planning,WILD Resource Development,WMST Women's Studies,WOOD Woodland Resources,WRIT Law Writing Courses,YCFN French CCE non-transcript,YRFA YRFA
